date,cpi,monthly_inflation,annual_inflation,exchange_rate,fuel_price,m3,reserve_money,rtgs_value,mobile_money_value,pos_value,ppi,cempi,pdl,exrate_change,fuel_change,m3_growth,reserve_money_growth,rtgs_growth,mobile_growth,pos_growth,ppi_change,cempi_change,pdl_change,monthly_inflation_lag1,monthly_inflation_lag2,monthly_inflation_lag3,exrate_change_lag1,exrate_change_lag2,exrate_change_lag3,fuel_change_lag1,fuel_change_lag2,fuel_change_lag3,m3_growth_lag1,m3_growth_lag2,m3_growth_lag3,reserve_money_growth_lag1,reserve_money_growth_lag2,reserve_money_growth_lag3,rtgs_growth_lag1,rtgs_growth_lag2,rtgs_growth_lag3,mobile_growth_lag1,mobile_growth_lag2,mobile_growth_lag3,pos_growth_lag1,pos_growth_lag2,pos_growth_lag3,ppi_change_lag1,ppi_change_lag2,ppi_change_lag3,cempi_change_lag1,cempi_change_lag2,cempi_change_lag3,pdl_change_lag1,pdl_change_lag2,pdl_change_lag3
1/1/18,100,2.5,NA,1.5,1.25,5000,1200,800,300,450,100,100,200,NA,NA,NA,NA,NA,NA,NA,NA,NA,NA,NA,NA,NA,NA,NA,NA,NA,NA,NA,NA,NA,NA,NA,NA,NA,NA,NA,NA,NA,NA,NA,NA,NA,NA,NA,NA,NA,NA,NA,NA,NA,NA,NA
2/1/18,101.6647093,1.664709346,NA,1.511371461,1.246240265,5146.444531,1228.021159,815.0910213,307.3651245,466.3013774,101.894578,102.7494765,201.585875,0.758097414,-0.300778761,2.928890619,2.335096613,1.886377668,2.455041514,3.622528304,1.894578014,2.749476514,0.792937504,2.5,NA,NA,NA,NA,NA,NA,NA,NA,NA,NA,NA,NA,NA,NA,NA,NA,NA,NA,NA,NA,NA,NA,NA,NA,NA,NA,NA,NA,NA,NA,NA,NA
3/1/18,103.8606808,2.160013546,NA,1.542797257,1.346712143,5241.686084,1259.366997,833.6390353,329.301512,460.6454595,104.3570476,105.7714817,199.7359238,2.079290042,8.061998979,1.850628177,2.552548671,2.275575789,7.136914932,-1.212931834,2.416683625,2.941139291,-0.917698829,1.664709346,2.5,NA,0.758097414,NA,NA,-0.300778761,NA,NA,2.928890619,NA,NA,2.335096613,NA,NA,1.886377668,NA,NA,2.455041514,NA,NA,3.622528304,NA,NA,1.894578014,NA,NA,2.749476514,NA,NA,0.792937504,NA,NA
4/1/18,110.005257,5.916171621,NA,1.685272012,1.428832385,5382.643779,1336.215025,852.2860065,332.6655519,461.2743354,105.749133,108.8826648,202.3288243,9.234833257,6.097831879,2.689167056,6.102115415,2.236815992,1.021568322,0.136520577,1.333963959,2.941419544,1.298164346,2.160013546,1.664709346,2.5,2.079290042,0.758097414,NA,8.061998979,-0.300778761,NA,1.850628177,2.928890619,NA,2.552548671,2.335096613,NA,2.275575789,1.886377668,NA,7.136914932,2.455041514,NA,-1.212931834,3.622528304,NA,2.416683625,1.894578014,NA,2.941139291,2.749476514,NA,-0.917698829,0.792937504,NA
5/1/18,114.6410176,4.214126466,NA,1.740583205,1.440161582,5420.821433,1355.621865,845.1477481,343.041437,472.0718663,109.4554983,105.801009,206.9690679,3.282033566,0.792898923,0.709273284,1.452374053,-0.837542607,3.119013967,2.340804629,3.504865862,-2.830253802,2.293416968,5.916171621,2.160013546,1.664709346,9.234833257,2.079290042,0.758097414,6.097831879,8.061998979,-0.300778761,2.689167056,1.850628177,2.928890619,6.102115415,2.552548671,2.335096613,2.236815992,2.275575789,1.886377668,1.021568322,7.136914932,2.455041514,0.136520577,-1.212931834,3.622528304,1.333963959,2.416683625,1.894578014,2.941419544,2.941139291,2.749476514,1.298164346,-0.917698829,0.792937504
6/1/18,118.9741916,3.779776258,NA,1.801802143,1.417417647,5414.229548,1388.43013,870.4204818,347.5591136,475.8977069,114.744425,108.2575552,217.8292367,3.517150941,-1.579262701,-0.121603067,2.42016346,2.990333196,1.316947805,0.810436043,4.832033894,2.321855145,5.247242415,4.214126466,5.916171621,2.160013546,3.282033566,9.234833257,2.079290042,0.792898923,6.097831879,8.061998979,0.709273284,2.689167056,1.850628177,1.452374053,6.102115415,2.552548671,-0.837542607,2.236815992,2.275575789,3.119013967,1.021568322,7.136914932,2.340804629,0.136520577,-1.212931834,3.504865862,1.333963959,2.416683625,-2.830253802,2.941419544,2.941139291,2.293416968,1.298164346,-0.917698829
7/1/18,123.6106261,3.897008644,NA,1.979464518,1.408470628,5765.852721,1456.754217,916.0864425,354.7235308,497.0276031,115.0267568,112.3926128,226.1555836,9.860259948,-0.631219691,6.494426769,4.920959683,5.246425342,2.061352126,4.440007988,0.246052709,3.819648025,3.822419354,3.779776258,4.214126466,5.916171621,3.517150941,3.282033566,9.234833257,-1.579262701,0.792898923,6.097831879,-0.121603067,0.709273284,2.689167056,2.42016346,1.452374053,6.102115415,2.990333196,-0.837542607,2.236815992,1.316947805,3.119013967,1.021568322,0.810436043,2.340804629,0.136520577,4.832033894,3.504865862,1.333963959,2.321855145,-2.830253802,2.941419544,5.247242415,2.293416968,1.298164346
8/1/18,129.2419342,4.555682888,NA,2.075343145,1.440452082,5979.271011,1524.281368,943.0247981,365.1601107,512.1695874,116.0823735,117.5530597,231.3230506,4.843664824,2.270651127,3.701417647,4.635452558,2.940591008,2.942172991,3.046507727,0.917714019,4.591446704,2.284916864,3.897008644,3.779776258,4.214126466,9.860259948,3.517150941,3.282033566,-0.631219691,-1.579262701,0.792898923,6.494426769,-0.121603067,0.709273284,4.920959683,2.42016346,1.452374053,5.246425342,2.990333196,-0.837542607,2.061352126,1.316947805,3.119013967,4.440007988,0.810436043,2.340804629,0.246052709,4.832033894,3.504865862,3.819648025,2.321855145,-2.830253802,3.822419354,5.247242415,2.293416968
9/1/18,131.2139306,1.525817737,NA,2.032585993,1.451398428,5979.118975,1598.409576,933.2270422,387.0136437,521.6157027,119.5573302,118.5376804,229.5211203,-2.060244938,0.759924365,-0.002542723,4.863157776,-1.038971176,5.984644088,1.844333505,2.993526626,0.837596822,-0.778967048,4.555682888,3.897008644,3.779776258,4.843664824,9.860259948,3.517150941,2.270651127,-0.631219691,-1.579262701,3.701417647,6.494426769,-0.121603067,4.635452558,4.920959683,2.42016346,2.940591008,5.246425342,2.990333196,2.942172991,2.061352126,1.316947805,3.046507727,4.440007988,0.810436043,0.917714019,0.246052709,4.832033894,4.591446704,3.819648025,2.321855145,2.284916864,3.822419354,5.247242415
10/1/18,130.176866,-0.790361681,NA,2.037720073,1.458036721,6055.512275,1607.302008,939.8612257,396.1624726,514.7537718,119.7358637,119.2432979,230.1360636,0.252588592,0.457372202,1.277668167,0.556329997,0.710886326,2.363955132,-1.315514635,0.149328776,0.595268535,0.267924511,1.525817737,4.555682888,3.897008644,-2.060244938,4.843664824,9.860259948,0.759924365,2.270651127,-0.631219691,-0.002542723,3.701417647,6.494426769,4.863157776,4.635452558,4.920959683,-1.038971176,2.940591008,5.246425342,5.984644088,2.942172991,2.061352126,1.844333505,3.046507727,4.440007988,2.993526626,0.917714019,0.246052709,0.837596822,4.591446704,3.819648025,-0.778967048,2.284916864,3.822419354
11/1/18,132.2038065,1.557066627,NA,2.062526302,1.438282428,6063.326298,1719.91291,964.910962,412.5577633,523.7732897,122.2189486,125.3480713,233.9872299,1.21735212,-1.354855702,0.129039831,7.006206826,2.665259049,4.13852696,1.752200451,2.07380215,5.11959458,1.673430136,-0.790361681,1.525817737,4.555682888,0.252588592,-2.060244938,4.843664824,0.457372202,0.759924365,2.270651127,1.277668167,-0.002542723,3.701417647,0.556329997,4.863157776,4.635452558,0.710886326,-1.038971176,2.940591008,2.363955132,5.984644088,2.942172991,-1.315514635,1.844333505,3.046507727,0.149328776,2.993526626,0.917714019,0.595268535,0.837596822,4.591446704,0.267924511,-0.778967048,2.284916864
12/1/18,139.6082328,5.60076631,NA,2.225390127,1.457913787,6481.551547,1757.179161,966.6708238,430.4486612,529.3628321,117.2261545,121.8761552,250.6144846,7.89632719,1.364916826,6.897620698,2.166752177,0.182385922,4.336580089,1.067168264,-4.085122797,-2.769820114,7.106052227,1.557066627,-0.790361681,1.525817737,1.21735212,0.252588592,-2.060244938,-1.354855702,0.457372202,0.759924365,0.129039831,1.277668167,-0.002542723,7.006206826,0.556329997,4.863157776,2.665259049,0.710886326,-1.038971176,4.13852696,2.363955132,5.984644088,1.752200451,-1.315514635,1.844333505,2.07380215,0.149328776,2.993526626,5.11959458,0.595268535,0.837596822,1.673430136,0.267924511,-0.778967048
1/1/19,148.37368,6.278603401,48.37368002,2.324180876,1.445452802,6813.719783,1874.332573,931.9275546,450.8705223,537.2784314,115.3977792,122.2514424,246.3027748,4.439255308,-0.854713408,5.124825953,6.667129612,-3.594115838,4.744319813,1.495306973,-1.559699164,0.307925058,-1.720455148,5.60076631,1.557066627,-0.790361681,7.89632719,1.21735212,0.252588592,1.364916826,-1.354855702,0.457372202,6.897620698,0.129039831,1.277668167,2.166752177,7.006206826,0.556329997,0.182385922,2.665259049,0.710886326,4.336580089,4.13852696,2.363955132,1.067168264,1.752200451,-1.315514635,-4.085122797,2.07380215,0.149328776,-2.769820114,5.11959458,0.595268535,7.106052227,1.673430136,0.267924511
2/1/19,153.3749859,3.370750011,50.8635463,2.431164916,1.394806654,6947.930295,1848.518202,969.3036932,452.1186056,533.715639,112.8783382,125.3610976,256.8004683,4.603085802,-3.50382581,1.969709887,-1.377256715,4.01062705,0.276816343,-0.663118454,-2.183266427,2.543655198,4.262109304,6.278603401,5.60076631,1.557066627,4.439255308,7.89632719,1.21735212,-0.854713408,1.364916826,-1.354855702,5.124825953,6.897620698,0.129039831,6.667129612,2.166752177,7.006206826,-3.594115838,0.182385922,2.665259049,4.744319813,4.336580089,4.13852696,1.495306973,1.067168264,1.752200451,-1.559699164,-4.085122797,2.07380215,0.307925058,-2.769820114,5.11959458,-1.720455148,7.106052227,1.673430136
3/1/19,157.8803822,2.937504016,52.01169581,2.514863381,1.399818479,7197.110042,1886.458279,966.6507669,483.2272757,548.1116368,112.0194795,122.0460056,259.2285976,3.442730864,0.359320439,3.586388118,2.052458966,-0.273694029,6.880643643,2.697316088,-0.76087109,-2.644434413,0.945531486,3.370750011,6.278603401,5.60076631,4.603085802,4.439255308,7.89632719,-3.50382581,-0.854713408,1.364916826,1.969709887,5.124825953,6.897620698,-1.377256715,6.667129612,2.166752177,4.01062705,-3.594115838,0.182385922,0.276816343,4.744319813,4.336580089,-0.663118454,1.495306973,1.067168264,-2.183266427,-1.559699164,-4.085122797,2.543655198,0.307925058,-2.769820114,4.262109304,-1.720455148,7.106052227
4/1/19,162.4233514,2.87747541,47.65053588,2.534394702,1.459408609,7317.396789,1983.135237,970.1896688,487.3691606,546.0402523,111.7059218,124.6078363,273.0506192,0.776635461,4.256989827,1.671320104,5.124786427,0.366099323,0.857129782,-0.377912881,-0.279913584,2.099069656,5.3319818,2.937504016,3.370750011,6.278603401,3.442730864,4.603085802,4.439255308,0.359320439,-3.50382581,-0.854713408,3.586388118,1.969709887,5.124825953,2.052458966,-1.377256715,6.667129612,-0.273694029,4.01062705,-3.594115838,6.880643643,0.276816343,4.744319813,2.697316088,-0.663118454,1.495306973,-0.76087109,-2.183266427,-1.559699164,-2.644434413,2.543655198,0.307925058,0.945531486,4.262109304,-1.720455148
5/1/19,170.493674,4.968696022,48.71960975,2.79157627,1.456109749,7430.633959,1987.337392,1024.129804,495.5698655,552.8524104,114.9978009,132.2022603,272.2904428,10.14765255,-0.226040888,1.547506211,0.211894532,5.559751523,1.682647497,1.247556037,2.946915428,6.094660053,-0.27840128,2.87747541,2.937504016,3.370750011,0.776635461,3.442730864,4.603085802,4.256989827,0.359320439,-3.50382581,1.671320104,3.586388118,1.969709887,5.124786427,2.052458966,-1.377256715,0.366099323,-0.273694029,4.01062705,0.857129782,6.880643643,0.276816343,-0.377912881,2.697316088,-0.663118454,-0.279913584,-0.76087109,-2.183266427,2.099069656,-2.644434413,2.543655198,5.3319818,0.945531486,4.262109304
6/1/19,175.128137,2.718260996,47.19842574,2.930915062,1.504509279,7499.203427,1989.687967,1022.743518,526.3554129,566.4683452,120.4559863,134.0396712,278.5183963,4.991401913,3.323892967,0.922794324,0.118277579,-0.135362324,6.212150803,2.462851659,4.746339008,1.389848366,2.287246469,4.968696022,2.87747541,2.937504016,10.14765255,0.776635461,3.442730864,-0.226040888,4.256989827,0.359320439,1.547506211,1.671320104,3.586388118,0.211894532,5.124786427,2.052458966,5.559751523,0.366099323,-0.273694029,1.682647497,0.857129782,6.880643643,1.247556037,-0.377912881,2.697316088,2.946915428,-0.279913584,-0.76087109,6.094660053,2.099069656,-2.644434413,-0.27840128,5.3319818,0.945531486
7/1/19,169.0666539,-3.461170348,36.77356002,2.788283,1.454053331,7597.500396,1982.796747,1062.777062,557.3169633,567.2215692,119.9956631,134.9831295,277.963861,-4.866468627,-3.353648125,1.310765465,-0.346346759,3.91432885,5.882251718,0.132968422,-0.382150587,0.703864938,-0.199101883,2.718260996,4.968696022,2.87747541,4.991401913,10.14765255,0.776635461,3.323892967,-0.226040888,4.256989827,0.922794324,1.547506211,1.671320104,0.118277579,0.211894532,5.124786427,-0.135362324,5.559751523,0.366099323,6.212150803,1.682647497,0.857129782,2.462851659,1.247556037,-0.377912881,4.746339008,2.946915428,-0.279913584,1.389848366,6.094660053,2.099069656,2.287246469,-0.27840128,5.3319818
8/1/19,172.9851959,2.317749787,33.84602831,2.950154639,1.47344043,8038.293309,1970.279684,1048.411428,550.2391737,583.4780419,118.5670944,138.47552,288.5460365,5.805423606,1.333314103,5.801814935,-0.631283198,-1.351707197,-1.269975617,2.865982811,-1.190516947,2.587279285,3.807032853,-3.461170348,2.718260996,4.968696022,-4.866468627,4.991401913,10.14765255,-3.353648125,3.323892967,-0.226040888,1.310765465,0.922794324,1.547506211,-0.346346759,0.118277579,0.211894532,3.91432885,-0.135362324,5.559751523,5.882251718,6.212150803,1.682647497,0.132968422,2.462851659,1.247556037,-0.382150587,4.746339008,2.946915428,0.703864938,1.389848366,6.094660053,-0.199101883,2.287246469,-0.27840128
9/1/19,175.9202054,1.696682494,34.07128696,2.982866968,1.518501503,8230.564763,1988.152114,1057.990176,546.8320212,578.0340704,116.9960014,139.4480607,302.879731,1.108834369,3.058221612,2.39194375,0.907101167,0.913643992,-0.619213001,-0.933020803,-1.325066577,0.702319573,4.967558977,2.317749787,-3.461170348,2.718260996,5.805423606,-4.866468627,4.991401913,1.333314103,-3.353648125,3.323892967,5.801814935,1.310765465,0.922794324,-0.631283198,-0.346346759,0.118277579,-1.351707197,3.91432885,-0.135362324,-1.269975617,5.882251718,6.212150803,2.865982811,0.132968422,2.462851659,-1.190516947,-0.382150587,4.746339008,2.587279285,0.703864938,1.389848366,3.807032853,-0.199101883,2.287246469
10/1/19,178.9896252,1.744779522,37.49726099,2.944945935,1.554998081,8455.957995,2044.376021,1075.088461,535.4894281,555.3777397,117.6467728,144.2360112,320.7540027,-1.271294824,2.403460087,2.738490473,2.827947932,1.616109952,-2.074237178,-3.919549358,0.556233821,3.433500935,5.901442013,1.696682494,2.317749787,-3.461170348,1.108834369,5.805423606,-4.866468627,3.058221612,1.333314103,-3.353648125,2.39194375,5.801814935,1.310765465,0.907101167,-0.631283198,-0.346346759,0.913643992,-1.351707197,3.91432885,-0.619213001,-1.269975617,5.882251718,-0.933020803,2.865982811,0.132968422,-1.325066577,-1.190516947,-0.382150587,0.702319573,2.587279285,0.703864938,4.967558977,3.807032853,-0.199101883
11/1/19,179.2254828,0.131771662,35.56756608,3.007617339,1.58325284,8708.569158,1982.31845,1063.029962,549.1205342,569.9838187,118.9207847,149.5166194,332.2857548,2.128100341,1.817028582,2.987374859,-3.035526245,-1.121628561,2.545541578,2.629935982,1.082912796,3.661088661,3.595201315,1.744779522,1.696682494,2.317749787,-1.271294824,1.108834369,5.805423606,2.403460087,3.058221612,1.333314103,2.738490473,2.39194375,5.801814935,2.827947932,0.907101167,-0.631283198,1.616109952,0.913643992,-1.351707197,-2.074237178,-0.619213001,-1.269975617,-3.919549358,-0.933020803,2.865982811,0.556233821,-1.325066577,-1.190516947,3.433500935,0.702319573,2.587279285,5.901442013,4.967558977,3.807032853
12/1/19,178.6395809,-0.326907656,27.95776968,2.974412709,1.576569645,9140.945416,2032.470138,1065.29559,562.81847,589.2554256,122.7867241,151.6199133,351.1812923,-1.104017793,-0.422118025,4.964951757,2.529951083,0.213129338,2.494522604,3.381079654,3.250852602,1.406729153,5.686532509,0.131771662,1.744779522,1.696682494,2.128100341,-1.271294824,1.108834369,1.817028582,2.403460087,3.058221612,2.987374859,2.738490473,2.39194375,-3.035526245,2.827947932,0.907101167,-1.121628561,1.616109952,0.913643992,2.545541578,-2.074237178,-0.619213001,2.629935982,-3.919549358,-0.933020803,1.082912796,0.556233821,-1.325066577,3.661088661,3.433500935,0.702319573,3.595201315,5.901442013,4.967558977
1/1/20,177.2558743,-0.77458008,19.46584752,2.976924156,1.560029647,9275.122825,2135.957168,1083.702791,580.2227535,595.9040485,123.8132524,149.282343,366.9593333,0.084435083,-1.049113038,1.467872338,5.091687616,1.727896118,3.092344062,1.128309153,0.836025473,-1.541730394,4.492847817,-0.326907656,0.131771662,1.744779522,-1.104017793,2.128100341,-1.271294824,-0.422118025,1.817028582,2.403460087,4.964951757,2.987374859,2.738490473,2.529951083,-3.035526245,2.827947932,0.213129338,-1.121628561,1.616109952,2.494522604,2.545541578,-2.074237178,3.381079654,2.629935982,-3.919549358,3.250852602,1.082912796,0.556233821,1.406729153,3.661088661,3.433500935,5.686532509,3.595201315,5.901442013
2/1/20,177.9515986,0.39249715,16.02387286,2.991804101,1.535499953,9322.888381,2287.480582,1121.380319,601.4384427,612.0426349,118.3215555,146.4526188,373.3306654,0.499842929,-1.572386372,0.514985699,7.093935046,3.476739922,3.656473143,2.708252509,-4.435467807,-1.895551819,1.736250176,-0.77458008,-0.326907656,0.131771662,0.084435083,-1.104017793,2.128100341,-1.049113038,-0.422118025,1.817028582,1.467872338,4.964951757,2.987374859,5.091687616,2.529951083,-3.035526245,1.727896118,0.213129338,-1.121628561,3.092344062,2.494522604,2.545541578,1.128309153,3.381079654,2.629935982,0.836025473,3.250852602,1.082912796,-1.541730394,1.406729153,3.661088661,4.492847817,5.686532509,3.595201315
3/1/20,176.8341171,-0.627969367,12.00512347,2.879707986,1.563951843,9868.4073,2407.640564,1095.292905,602.6071667,608.2979557,120.1267841,146.3318051,384.3591313,-3.746773243,1.852939791,5.851393865,5.252939981,-2.326366359,0.194321462,-0.61183305,1.525697173,-0.082493414,2.954074477,0.39249715,-0.77458008,-0.326907656,0.499842929,0.084435083,-1.104017793,-1.572386372,-1.049113038,-0.422118025,0.514985699,1.467872338,4.964951757,7.093935046,5.091687616,2.529951083,3.476739922,1.727896118,0.213129338,3.656473143,3.092344062,2.494522604,2.708252509,1.128309153,3.381079654,-4.435467807,0.836025473,3.250852602,-1.895551819,-1.541730394,1.406729153,1.736250176,4.492847817,5.686532509
4/1/20,180.0435158,1.81492057,10.84829507,3.062602507,1.542956981,10028.04592,2501.344416,1105.431093,596.6950132,617.0921362,126.5674542,151.2975035,384.5744169,6.351148178,-1.342423843,1.617673566,3.891936909,0.925614402,-0.981095773,1.445702786,5.361560432,3.393451251,0.056011577,-0.627969367,0.39249715,-0.77458008,-3.746773243,0.499842929,0.084435083,1.852939791,-1.572386372,-1.049113038,5.851393865,0.514985699,1.467872338,5.252939981,7.093935046,5.091687616,-2.326366359,3.476739922,1.727896118,0.194321462,3.656473143,3.092344062,-0.61183305,2.708252509,1.128309153,1.525697173,-4.435467807,0.836025473,-0.082493414,-1.895551819,-1.541730394,2.954074477,1.736250176,4.492847817
5/1/20,185.4881176,3.024047687,8.794721378,3.173269418,1.543394064,10133.72829,2443.392618,1146.232733,627.0092392,603.6207881,133.3702066,146.0088797,390.8414249,3.613492471,0.028327669,1.05386806,-2.316825998,3.691016096,5.080355168,-2.183036752,5.374803806,-3.495512937,1.629595661,1.81492057,-0.627969367,0.39249715,6.351148178,-3.746773243,0.499842929,-1.342423843,1.852939791,-1.572386372,1.617673566,5.851393865,0.514985699,3.891936909,5.252939981,7.093935046,0.925614402,-2.326366359,3.476739922,-0.981095773,0.194321462,3.656473143,1.445702786,-0.61183305,2.708252509,5.361560432,1.525697173,-4.435467807,3.393451251,-0.082493414,-1.895551819,0.056011577,2.954074477,1.736250176
6/1/20,186.3642748,0.472352178,6.41595229,3.124002895,1.55468744,10136.51038,2455.517544,1151.424905,653.6770952,628.1420483,132.6141447,141.1674985,408.2023173,-1.552547748,0.731723423,0.027453762,0.49623323,0.4529771,4.253183908,4.062361783,-0.566889654,-3.315812897,4.441927417,3.024047687,1.81492057,-0.627969367,3.613492471,6.351148178,-3.746773243,0.028327669,-1.342423843,1.852939791,1.05386806,1.617673566,5.851393865,-2.316825998,3.891936909,5.252939981,3.691016096,0.925614402,-2.326366359,5.080355168,-0.981095773,0.194321462,-2.183036752,1.445702786,-0.61183305,5.374803806,5.361560432,1.525697173,-3.495512937,3.393451251,-0.082493414,1.629595661,0.056011577,2.954074477
7/1/20,194.2539738,4.233482522,14.89786382,3.37439984,1.664006625,10129.47245,2483.016489,1178.693293,637.1554092,662.1862275,128.8434874,140.8365319,420.7854325,8.015259684,7.031586016,-0.069431445,1.119883859,2.368229804,-2.527499612,5.419821723,-2.843329631,-0.234449562,3.082568287,0.472352178,3.024047687,1.81492057,-1.552547748,3.613492471,6.351148178,0.731723423,0.028327669,-1.342423843,0.027453762,1.05386806,1.617673566,0.49623323,-2.316825998,3.891936909,0.4529771,3.691016096,0.925614402,4.253183908,5.080355168,-0.981095773,4.062361783,-2.183036752,1.445702786,-0.566889654,5.374803806,5.361560432,-3.315812897,-3.495512937,3.393451251,4.441927417,1.629595661,0.056011577
8/1/20,208.628517,7.3998709,20.60483901,3.533194267,1.656421256,10266.42829,2576.348355,1214.414435,648.079806,687.6673159,140.6638228,144.1968734,433.0501272,4.705856886,-0.455849705,1.352053041,3.758809757,3.030571425,1.714557647,3.848024521,9.174181476,2.38598712,2.914714663,4.233482522,0.472352178,3.024047687,8.015259684,-1.552547748,3.613492471,7.031586016,0.731723423,0.028327669,-0.069431445,0.027453762,1.05386806,1.119883859,0.49623323,-2.316825998,2.368229804,0.4529771,3.691016096,-2.527499612,4.253183908,5.080355168,5.419821723,4.062361783,-2.183036752,-2.843329631,-0.566889654,5.374803806,-0.234449562,-3.315812897,-3.495512937,3.082568287,4.441927417,1.629595661
9/1/20,214.4414578,2.786263758,21.89700283,3.5974883,1.692964554,10649.97914,2621.069168,1244.405462,643.6220314,698.981548,142.5103648,142.9222954,432.7198742,1.819714068,2.206159717,3.735971634,1.735821665,2.469587538,-0.687843468,1.645306067,1.312734173,-0.88391512,-0.076262079,7.3998709,4.233482522,0.472352178,4.705856886,8.015259684,-1.552547748,-0.455849705,7.031586016,0.731723423,1.352053041,-0.069431445,0.027453762,3.758809757,1.119883859,0.49623323,3.030571425,2.368229804,0.4529771,1.714557647,-2.527499612,4.253183908,3.848024521,5.419821723,4.062361783,9.174181476,-2.843329631,-0.566889654,2.38598712,-0.234449562,-3.315812897,2.914714663,3.082568287,4.441927417
10/1/20,223.3987551,4.177036212,24.81100787,3.834221113,1.722318571,11152.62581,2591.015423,1287.127696,616.5110417,710.3982884,144.658917,148.0916128,436.1425739,6.580502644,1.733882549,4.719696278,-1.14662157,3.433144199,-4.212253212,1.633339315,1.50764625,3.616872593,0.790973539,2.786263758,7.3998709,4.233482522,1.819714068,4.705856886,8.015259684,2.206159717,-0.455849705,7.031586016,3.735971634,1.352053041,-0.069431445,1.735821665,3.758809757,1.119883859,2.469587538,3.030571425,2.368229804,-0.687843468,1.714557647,-2.527499612,1.645306067,3.848024521,5.419821723,1.312734173,9.174181476,-2.843329631,-0.88391512,2.38598712,-0.234449562,-0.076262079,2.914714663,3.082568287
11/1/20,231.7824792,3.752806967,29.32451101,4.083926064,1.698454643,11589.27082,2751.945704,1306.347452,631.6177841,700.9348224,149.0879717,151.3991278,438.1958807,6.51253395,-1.385569902,3.915176708,6.21108927,1.493228348,2.450360394,-1.332135246,3.061722566,2.233424925,0.470787972,4.177036212,2.786263758,7.3998709,6.580502644,1.819714068,4.705856886,1.733882549,2.206159717,-0.455849705,4.719696278,3.735971634,1.352053041,-1.14662157,1.735821665,3.758809757,3.433144199,2.469587538,3.030571425,-4.212253212,-0.687843468,1.714557647,1.633339315,1.645306067,3.848024521,1.50764625,1.312734173,9.174181476,3.616872593,-0.88391512,2.38598712,0.790973539,-0.076262079,2.914714663
12/1/20,244.4337211,5.458239122,36.83066197,4.340654902,1.720298057,11794.71213,2869.687102,1316.351574,642.749194,723.9308866,144.5525391,152.8728483,450.4241387,6.286324327,1.286075742,1.772685406,4.278478229,0.765808716,1.762364872,3.280770688,-3.04211837,0.973400954,2.79059174,3.752806967,4.177036212,2.786263758,6.51253395,6.580502644,1.819714068,-1.385569902,1.733882549,2.206159717,3.915176708,4.719696278,3.735971634,6.21108927,-1.14662157,1.735821665,1.493228348,3.433144199,2.469587538,2.450360394,-4.212253212,-0.687843468,-1.332135246,1.633339315,1.645306067,3.061722566,1.50764625,1.312734173,2.233424925,3.616872593,-0.88391512,0.470787972,0.790973539,-0.076262079
1/1/21,254.7387101,4.215862258,43.712422,4.590440537,1.820654268,12103.6746,2944.114609,1253.063071,653.7266574,733.186572,143.9965072,158.1424829,450.5096506,5.754561016,5.833652575,2.619499875,2.593575681,-4.80787238,1.707892197,1.278531639,-0.384657334,3.447070341,0.018984739,5.458239122,3.752806967,4.177036212,6.286324327,6.51253395,6.580502644,1.286075742,-1.385569902,1.733882549,1.772685406,3.915176708,4.719696278,4.278478229,6.21108927,-1.14662157,0.765808716,1.493228348,3.433144199,1.762364872,2.450360394,-4.212253212,3.280770688,-1.332135246,1.633339315,-3.04211837,3.061722566,1.50764625,0.973400954,2.233424925,3.616872593,2.79059174,0.470787972,0.790973539
2/1/21,263.8641097,3.582258672,48.27858349,4.829862795,1.872625066,12235.70234,3092.653185,1272.706682,671.0403309,736.0204419,139.9338945,161.8919035,464.583945,5.215670614,2.854512159,1.090807073,5.045271526,1.567647454,2.648457625,0.386514149,-2.821327216,2.370912907,3.12408278,4.215862258,5.458239122,3.752806967,5.754561016,6.286324327,6.51253395,5.833652575,1.286075742,-1.385569902,2.619499875,1.772685406,3.915176708,2.593575681,4.278478229,6.21108927,-4.80787238,0.765808716,1.493228348,1.707892197,1.762364872,2.450360394,1.278531639,3.280770688,-1.332135246,-0.384657334,-3.04211837,3.061722566,3.447070341,0.973400954,2.233424925,0.018984739,2.79059174,0.470787972
3/1/21,272.8808729,3.417199566,54.31460706,4.962797676,1.903030856,12366.08154,3050.997134,1309.306058,702.226229,727.7471924,139.5430818,162.3535584,463.5022411,2.752353158,1.623698766,1.065563677,-1.346935718,2.875711741,4.647395493,-1.124051585,-0.279283842,0.285162432,-0.232832824,3.582258672,4.215862258,5.458239122,5.215670614,5.754561016,6.286324327,2.854512159,5.833652575,1.286075742,1.090807073,2.619499875,1.772685406,5.045271526,2.593575681,4.278478229,1.567647454,-4.80787238,0.765808716,2.648457625,1.707892197,1.762364872,0.386514149,1.278531639,3.280770688,-2.821327216,-0.384657334,-3.04211837,2.370912907,3.447070341,0.973400954,3.12408278,0.018984739,2.79059174
4/1/21,278.4485842,2.040345038,54.65626905,5.050944375,1.907455584,12894.02678,3162.421098,1350.39859,720.6020323,735.7558684,142.5523957,165.5645665,489.7228452,1.776149345,0.232509503,4.269300998,3.652050744,3.138497102,2.616792513,1.100475007,2.156548299,1.977787336,5.657060916,3.417199566,3.582258672,4.215862258,2.752353158,5.215670614,5.754561016,1.623698766,2.854512159,5.833652575,1.065563677,1.090807073,2.619499875,-1.346935718,5.045271526,2.593575681,2.875711741,1.567647454,-4.80787238,4.647395493,2.648457625,1.707892197,-1.124051585,0.386514149,1.278531639,-0.279283842,-2.821327216,-0.384657334,0.285162432,2.370912907,3.447070341,-0.232832824,3.12408278,0.018984739
5/1/21,284.522948,2.181502828,53.39146877,5.125603191,1.818573081,12954.47589,3184.327792,1355.959587,721.6879253,735.7696839,139.2820608,170.5626021,504.0285442,1.478115996,-4.659741665,0.468814843,0.692719059,0.411804122,0.150692471,0.00187773,-2.294128374,3.018783395,2.921182699,2.040345038,3.417199566,3.582258672,1.776149345,2.752353158,5.215670614,0.232509503,1.623698766,2.854512159,4.269300998,1.065563677,1.090807073,3.652050744,-1.346935718,5.045271526,3.138497102,2.875711741,1.567647454,2.616792513,4.647395493,2.648457625,1.100475007,-1.124051585,0.386514149,2.156548299,-0.279283842,-2.821327216,1.977787336,0.285162432,2.370912907,5.657060916,-0.232832824,3.12408278
6/1/21,296.4800249,4.202500028,59.08629769,5.136939595,1.907574259,13784.93396,3302.446094,1440.690211,720.2128114,742.4353081,144.254358,174.4696939,507.0425985,0.221172084,4.89401164,6.410587931,3.709363805,6.248757274,-0.204397756,0.905938959,3.569948038,2.290708362,0.597992775,2.181502828,2.040345038,3.417199566,1.478115996,1.776149345,2.752353158,-4.659741665,0.232509503,1.623698766,0.468814843,4.269300998,1.065563677,0.692719059,3.652050744,-1.346935718,0.411804122,3.138497102,2.875711741,0.150692471,2.616792513,4.647395493,0.00187773,1.100475007,-1.124051585,-2.294128374,2.156548299,-0.279283842,3.018783395,1.977787336,0.285162432,2.921182699,5.657060916,-0.232832824
7/1/21,300.0096475,1.190509406,54.44196158,5.248325443,1.852599491,14104.65632,3363.473485,1476.938856,731.7692858,736.9769239,148.1031105,174.0421986,519.6278616,2.168330888,-2.881920213,2.319360812,1.847945113,2.516061049,1.604591621,-0.735199976,2.668032086,-0.24502552,2.482091865,4.202500028,2.181502828,2.040345038,0.221172084,1.478115996,1.776149345,4.89401164,-4.659741665,0.232509503,6.410587931,0.468814843,4.269300998,3.709363805,0.692719059,3.652050744,6.248757274,0.411804122,3.138497102,-0.204397756,0.150692471,2.616792513,0.905938959,0.00187773,1.100475007,3.569948038,-2.294128374,2.156548299,2.290708362,3.018783395,1.977787336,0.597992775,2.921182699,5.657060916
8/1/21,304.2542664,1.414827457,45.83541633,5.140126731,1.921513275,14517.79265,3483.96662,1508.187775,753.2104988,774.3798217,146.7514548,180.1998212,526.3575288,-2.061585406,3.719842533,2.929077653,3.582401783,2.115789646,2.93005096,5.075178966,-0.912645077,3.538005513,1.295093602,1.190509406,4.202500028,2.181502828,2.168330888,0.221172084,1.478115996,-2.881920213,4.89401164,-4.659741665,2.319360812,6.410587931,0.468814843,1.847945113,3.709363805,0.692719059,2.516061049,6.248757274,0.411804122,1.604591621,-0.204397756,0.150692471,-0.735199976,0.905938959,0.00187773,2.668032086,3.569948038,-2.294128374,-0.24502552,2.290708362,3.018783395,2.482091865,0.597992775,2.921182699
9/1/21,323.2707395,6.250191101,50.75011278,5.740278875,2.06038701,14666.30163,3669.968422,1583.305585,744.7817641,787.296438,150.3893864,187.9165912,540.7918098,11.67582386,7.227310708,1.022944591,5.338794038,4.980666949,-1.119041058,1.667994946,2.478974827,4.282340564,2.74229592,1.414827457,1.190509406,4.202500028,-2.061585406,2.168330888,0.221172084,3.719842533,-2.881920213,4.89401164,2.929077653,2.319360812,6.410587931,3.582401783,1.847945113,3.709363805,2.115789646,2.516061049,6.248757274,2.93005096,1.604591621,-0.204397756,5.075178966,-0.735199976,0.905938959,-0.912645077,2.668032086,3.569948038,3.538005513,-0.24502552,2.290708362,1.295093602,2.482091865,0.597992775
10/1/21,340.7191788,5.397469413,52.51614922,6.189848791,2.002043453,14864.47601,3744.03665,1583.366296,755.5593028,817.6064861,156.4714994,191.8453378,554.241656,7.831847993,-2.831679483,1.35122262,2.018225226,0.003834447,1.447073393,3.849890155,4.044243487,2.090686391,2.487065438,6.250191101,1.414827457,1.190509406,11.67582386,-2.061585406,2.168330888,7.227310708,3.719842533,-2.881920213,1.022944591,2.929077653,2.319360812,5.338794038,3.582401783,1.847945113,4.980666949,2.115789646,2.516061049,-1.119041058,2.93005096,1.604591621,1.667994946,5.075178966,-0.735199976,2.478974827,-0.912645077,2.668032086,4.282340564,3.538005513,-0.24502552,2.74229592,1.295093602,2.482091865
11/1/21,348.8823231,2.395857018,50.52143904,6.097469362,2.074224187,14844.55282,3914.161804,1594.040615,792.5953222,788.9624658,164.2689213,195.2223178,554.0852028,-1.492434333,3.605353006,-0.134032265,4.543896592,0.67415344,4.901801781,-3.503399341,4.98328576,1.760261656,-0.028228345,5.397469413,6.250191101,1.414827457,7.831847993,11.67582386,-2.061585406,-2.831679483,7.227310708,3.719842533,1.35122262,1.022944591,2.929077653,2.018225226,5.338794038,3.582401783,0.003834447,4.980666949,2.115789646,1.447073393,-1.119041058,2.93005096,3.849890155,1.667994946,5.075178966,4.044243487,2.478974827,-0.912645077,2.090686391,4.282340564,3.538005513,2.487065438,2.74229592,1.295093602
12/1/21,360.1272873,3.223139564,47.33126249,6.182130325,2.089021859,15161.35773,3876.151962,1718.274261,805.8725598,795.2237062,166.1768312,197.5863376,556.3978006,1.388460659,0.713407532,2.134149223,-0.971085088,7.7936312,1.675159726,0.79360434,1.161455164,1.210937298,0.417372242,2.395857018,5.397469413,6.250191101,-1.492434333,7.831847993,11.67582386,3.605353006,-2.831679483,7.227310708,-0.134032265,1.35122262,1.022944591,4.543896592,2.018225226,5.338794038,0.67415344,0.003834447,4.980666949,4.901801781,1.447073393,-1.119041058,-3.503399341,3.849890155,1.667994946,4.98328576,4.044243487,2.478974827,1.760261656,2.090686391,4.282340564,-0.028228345,2.487065438,2.74229592
1/1/22,360.7034384,0.159985411,41.59741887,6.252197267,2.021829881,15667.43851,3883.74879,1749.681273,805.1048695,797.9993186,168.7012062,211.0292024,570.8596219,1.133378586,-3.216432477,3.33796481,0.195988899,1.827822968,-0.095262003,0.349035417,1.519089618,6.803539616,2.599187369,3.223139564,2.395857018,5.397469413,1.388460659,-1.492434333,7.831847993,0.713407532,3.605353006,-2.831679483,2.134149223,-0.134032265,1.35122262,-0.971085088,4.543896592,2.018225226,7.7936312,0.67415344,0.003834447,1.675159726,4.901801781,1.447073393,0.79360434,-3.503399341,3.849890155,1.161455164,4.98328576,4.044243487,1.210937298,1.760261656,2.090686391,0.417372242,-0.028228345,2.487065438
2/1/22,368.5781132,2.183143795,39.68482247,6.634823016,1.96028532,16160.74485,4108.930264,1852.631138,814.5420229,792.0474219,171.2989645,215.4413774,600.9901854,6.119860473,-3.044002961,3.148608688,5.798044278,5.883921054,1.172164495,-0.745852359,1.539857595,2.09078883,5.278103818,0.159985411,3.223139564,2.395857018,1.133378586,1.388460659,-1.492434333,-3.216432477,0.713407532,3.605353006,3.33796481,2.134149223,-0.134032265,0.195988899,-0.971085088,4.543896592,1.827822968,7.7936312,0.67415344,-0.095262003,1.675159726,4.901801781,0.349035417,0.79360434,-3.503399341,1.519089618,1.161455164,4.98328576,6.803539616,1.210937298,1.760261656,2.599187369,0.417372242,-0.028228345
3/1/22,376.2181317,2.072835653,37.86900039,6.811742146,1.895505564,16312.15923,4229.875391,1819.352943,858.0707058,830.0119839,181.7899731,217.6049796,626.0468727,2.666523734,-3.304608521,0.936927026,2.943469933,-1.796266612,5.343945636,4.793218308,6.124385268,1.004264928,4.169234017,2.183143795,0.159985411,3.223139564,6.119860473,1.133378586,1.388460659,-3.044002961,-3.216432477,0.713407532,3.148608688,3.33796481,2.134149223,5.798044278,0.195988899,-0.971085088,5.883921054,1.827822968,7.7936312,1.172164495,-0.095262003,1.675159726,-0.745852359,0.349035417,0.79360434,1.539857595,1.519089618,1.161455164,2.09078883,6.803539616,1.210937298,5.278103818,2.599187369,0.417372242
4/1/22,382.9243496,1.782534479,37.52066676,7.085116027,1.89374806,16462.68067,4097.456729,1843.435863,889.3914182,820.6281685,191.1979963,207.0080642,630.7476399,4.013274056,-0.092719567,0.922756058,-3.130557051,1.323707995,3.650131884,-1.13056384,5.175215677,-4.869794505,0.750865053,2.072835653,2.183143795,0.159985411,2.666523734,6.119860473,1.133378586,-3.304608521,-3.044002961,-3.216432477,0.936927026,3.148608688,3.33796481,2.943469933,5.798044278,0.195988899,-1.796266612,5.883921054,1.827822968,5.343945636,1.172164495,-0.095262003,4.793218308,-0.745852359,0.349035417,6.124385268,1.539857595,1.519089618,1.004264928,2.09078883,6.803539616,4.169234017,5.278103818,2.599187369
5/1/22,386.5808021,0.954875936,35.86981466,7.289579224,1.839108376,16708.89694,4039.678753,1894.057714,940.1759119,839.8044477,199.4256374,201.8055284,653.7815711,2.885812979,-2.885266755,1.495602563,-1.41009363,2.746059759,5.7100274,2.336780521,4.303204703,-2.513204413,3.651845803,1.782534479,2.072835653,2.183143795,4.013274056,2.666523734,6.119860473,-0.092719567,-3.304608521,-3.044002961,0.922756058,0.936927026,3.148608688,-3.130557051,2.943469933,5.798044278,1.323707995,-1.796266612,5.883921054,3.650131884,5.343945636,1.172164495,-1.13056384,4.793218308,-0.745852359,5.175215677,6.124385268,1.539857595,-4.869794505,1.004264928,2.09078883,0.750865053,4.169234017,5.278103818
6/1/22,399.0766325,3.232398073,34.60489709,7.495766297,1.904649607,17626.56984,4100.195058,1942.358011,962.9027238,868.2979425,201.2962052,204.2389338,666.2221406,2.828518171,3.563750319,5.49212134,1.498047461,2.550096363,2.417293571,3.392872571,0.9379776,1.205816998,1.902863294,0.954875936,1.782534479,2.072835653,2.885812979,4.013274056,2.666523734,-2.885266755,-0.092719567,-3.304608521,1.495602563,0.922756058,0.936927026,-1.41009363,-3.130557051,2.943469933,2.746059759,1.323707995,-1.796266612,5.7100274,3.650131884,5.343945636,2.336780521,-1.13056384,4.793218308,4.303204703,5.175215677,6.124385268,-2.513204413,-4.869794505,1.004264928,3.651845803,0.750865053,4.169234017
7/1/22,422.5802836,5.889508221,40.85556483,8.130988201,2.053218501,17666.29885,4270.94557,1928.487814,994.0124285,886.153451,207.1734995,208.1516108,683.56142,8.474409136,7.800326822,0.225392759,4.164448511,-0.714090649,3.230825289,2.056380377,2.919724302,1.915735112,2.602627303,3.232398073,0.954875936,1.782534479,2.828518171,2.885812979,4.013274056,3.563750319,-2.885266755,-0.092719567,5.49212134,1.495602563,0.922756058,1.498047461,-1.41009363,-3.130557051,2.550096363,2.746059759,1.323707995,2.417293571,5.7100274,3.650131884,3.392872571,2.336780521,-1.13056384,0.9379776,4.303204703,5.175215677,1.205816998,-2.513204413,-4.869794505,1.902863294,3.651845803,0.750865053
8/1/22,422.71267,0.031328108,38.93401561,8.301488198,2.004740135,18044.69274,4345.486035,1964.129126,997.2392837,885.7058464,213.4091545,212.5065195,700.7921098,2.096916057,-2.361091428,2.141896811,1.745291861,1.848148187,0.324629263,-0.050510955,3.009870994,2.092181147,2.520722981,5.889508221,3.232398073,0.954875936,8.474409136,2.828518171,2.885812979,7.800326822,3.563750319,-2.885266755,0.225392759,5.49212134,1.495602563,4.164448511,1.498047461,-1.41009363,-0.714090649,2.550096363,2.746059759,3.230825289,2.417293571,5.7100274,2.056380377,3.392872571,2.336780521,2.919724302,0.9379776,4.303204703,1.915735112,1.205816998,-2.513204413,2.602627303,1.902863294,3.651845803
9/1/22,450.8004743,6.644656356,39.44982308,9.054091357,2.082187588,19182.36075,4500.205704,1946.578619,1035.295052,917.434767,210.5814408,219.8459995,750.9050494,9.065882418,3.863216542,6.304723643,3.56046868,-0.893551633,3.816112007,3.582331613,-1.325019883,3.453766951,7.150899527,0.031328108,5.889508221,3.232398073,2.096916057,8.474409136,2.828518171,-2.361091428,7.800326822,3.563750319,2.141896811,0.225392759,5.49212134,1.745291861,4.164448511,1.498047461,1.848148187,-0.714090649,2.550096363,0.324629263,3.230825289,2.417293571,-0.050510955,2.056380377,3.392872571,3.009870994,2.919724302,0.9379776,2.092181147,1.915735112,1.205816998,2.520722981,2.602627303,1.902863294
10/1/22,458.7307781,1.759160502,34.63603071,8.764812123,2.161459108,19623.18104,4698.102855,2016.30036,1040.274814,936.1612267,203.4534411,221.8567527,748.1223634,-3.195011217,3.807126723,2.298050229,4.397513444,3.581758313,0.480999373,2.041176164,-3.384913546,0.914618977,-0.370577621,6.644656356,0.031328108,5.889508221,9.065882418,2.096916057,8.474409136,3.863216542,-2.361091428,7.800326822,6.304723643,2.141896811,0.225392759,3.56046868,1.745291861,4.164448511,-0.893551633,1.848148187,-0.714090649,3.816112007,0.324629263,3.230825289,3.582331613,-0.050510955,2.056380377,-1.325019883,3.009870994,2.919724302,3.453766951,2.092181147,1.915735112,7.150899527,2.520722981,2.602627303
11/1/22,488.3994404,6.467554327,39.98973524,9.232717674,2.215422263,19580.07256,4988.334599,2107.274577,1016.746955,932.1638575,211.0330788,231.6993654,764.5948187,5.338454999,2.496607737,-0.219681408,6.177637072,4.511937725,-2.261696514,-0.426995813,3.725490083,4.436471986,2.201839718,1.759160502,6.644656356,0.031328108,-3.195011217,9.065882418,2.096916057,3.807126723,3.863216542,-2.361091428,2.298050229,6.304723643,2.141896811,4.397513444,3.56046868,1.745291861,3.581758313,-0.893551633,1.848148187,0.480999373,3.816112007,0.324629263,2.041176164,3.582331613,-0.050510955,-3.384913546,-1.325019883,3.009870994,0.914618977,3.453766951,2.092181147,-0.370577621,7.150899527,2.520722981
12/1/22,504.4469425,3.285733104,40.0746237,9.555439655,2.181634197,19809.24969,5095.087046,2027.989019,1040.985988,922.13286,205.149621,229.6052894,752.6674868,3.495416975,-1.525129825,1.170461129,2.140041833,-3.762469241,2.383978897,-1.076098095,-2.787931594,-0.903790107,-1.559954576,6.467554327,1.759160502,6.644656356,5.338454999,-3.195011217,9.065882418,2.496607737,3.807126723,3.863216542,-0.219681408,2.298050229,6.304723643,6.177637072,4.397513444,3.56046868,4.511937725,3.581758313,-0.893551633,-2.261696514,0.480999373,3.816112007,-0.426995813,2.041176164,3.582331613,3.725490083,-3.384913546,-1.325019883,4.436471986,0.914618977,3.453766951,2.201839718,-0.370577621,7.150899527
1/1/23,520.5830803,3.198777984,44.32440193,9.92463951,2.206540654,20496.8129,5190.367479,2127.14214,1122.573823,976.2937329,208.8526764,225.8831425,776.599843,3.863766275,1.14164218,3.470919958,1.870045235,4.889233656,7.837553653,5.873434869,1.805051065,-1.621106801,3.179671846,3.285733104,6.467554327,1.759160502,3.495416975,5.338454999,-3.195011217,-1.525129825,2.496607737,3.807126723,1.170461129,-0.219681408,2.298050229,2.140041833,6.177637072,4.397513444,-3.762469241,4.511937725,3.581758313,2.383978897,-2.261696514,0.480999373,-1.076098095,-0.426995813,2.041176164,-2.787931594,3.725490083,-3.384913546,-0.903790107,4.436471986,0.914618977,-1.559954576,2.201839718,-0.370577621
2/1/23,557.5199246,7.095283303,51.26235247,10.3730901,2.221077652,20855.25998,5066.676174,2099.433748,1171.997864,979.642359,214.1799724,222.105325,809.1643592,4.518557931,0.658813994,1.748794257,-2.383093398,-1.302611242,4.402743019,0.342993709,2.550743464,-1.672465444,4.193216943,3.198777984,3.285733104,6.467554327,3.863766275,3.495416975,5.338454999,1.14164218,-1.525129825,2.496607737,3.470919958,1.170461129,-0.219681408,1.870045235,2.140041833,6.177637072,4.889233656,-3.762469241,4.511937725,7.837553653,2.383978897,-2.261696514,5.873434869,-1.076098095,-0.426995813,1.805051065,-2.787931594,3.725490083,-1.621106801,-0.903790107,4.436471986,3.179671846,-1.559954576,2.201839718
3/1/23,600.6637056,7.738518228,59.65836174,10.47585694,2.291907121,21142.27993,5180.591216,2161.092504,1236.408056,959.9403473,221.6582849,229.3365026,848.7432136,0.990706188,3.1889686,1.376247273,2.248318985,2.936923172,5.49576017,-2.011143308,3.491602171,3.25574256,4.891324482,7.095283303,3.198777984,3.285733104,4.518557931,3.863766275,3.495416975,0.658813994,1.14164218,-1.525129825,1.748794257,3.470919958,1.170461129,-2.383093398,1.870045235,2.140041833,-1.302611242,4.889233656,-3.762469241,4.402743019,7.837553653,2.383978897,0.342993709,5.873434869,-1.076098095,2.550743464,1.805051065,-2.787931594,-1.672465444,-1.621106801,-0.903790107,4.193216943,3.179671846,-1.559954576
4/1/23,612.6877839,2.001798698,60.0023045,10.65050733,2.300677877,21525.41304,5210.140006,2235.644935,1274.44698,986.4972767,226.9077709,232.0717994,833.0389985,1.667170465,0.382683732,1.812165532,0.570374855,3.449756595,3.076567169,2.766518726,2.368278713,1.192700144,-1.850290504,7.738518228,7.095283303,3.198777984,0.990706188,4.518557931,3.863766275,3.1889686,0.658813994,1.14164218,1.376247273,1.748794257,3.470919958,2.248318985,-2.383093398,1.870045235,2.936923172,-1.302611242,4.889233656,5.49576017,4.402743019,7.837553653,-2.011143308,0.342993709,5.873434869,3.491602171,2.550743464,1.805051065,3.25574256,-1.672465444,-1.621106801,4.891324482,4.193216943,3.179671846
5/1/23,627.0700515,2.347405652,62.20930997,10.53608877,2.402619077,22102.50792,5187.474649,2264.714477,1276.668704,1009.388556,226.0034041,239.9031662,856.5768403,-1.074301532,4.43092016,2.680993294,-0.435023957,1.30027543,0.174328465,2.320460512,-0.398561419,3.374544805,2.825538994,2.001798698,7.738518228,7.095283303,1.667170465,0.990706188,4.518557931,0.382683732,3.1889686,0.658813994,1.812165532,1.376247273,1.748794257,0.570374855,2.248318985,-2.383093398,3.449756595,2.936923172,-1.302611242,3.076567169,5.49576017,4.402743019,2.766518726,-2.011143308,0.342993709,2.368278713,3.491602171,2.550743464,1.192700144,3.25574256,-1.672465444,-1.850290504,4.891324482,4.193216943
6/1/23,641.3220316,2.272789149,60.70147421,10.40047193,2.411659109,23361.69167,5267.892666,2268.954365,1294.456241,999.2172642,236.7591266,241.6562201,901.0052531,-1.287164906,0.376257427,5.697017542,1.550234422,0.187215108,1.393277435,-1.007668671,4.75909758,0.730733946,5.186739903,2.347405652,2.001798698,7.738518228,-1.074301532,1.667170465,0.990706188,4.43092016,0.382683732,3.1889686,2.680993294,1.812165532,1.376247273,-0.435023957,0.570374855,2.248318985,1.30027543,3.449756595,2.936923172,0.174328465,3.076567169,5.49576017,2.320460512,2.766518726,-2.011143308,-0.398561419,2.368278713,3.491602171,3.374544805,1.192700144,3.25574256,2.825538994,-1.850290504,4.891324482
7/1/23,672.1602902,4.808545012,59.06096814,10.83875974,2.523997432,23904.35335,5506.915812,2319.17319,1309.734134,977.3752459,253.3699133,241.463547,911.5647488,4.214114566,4.658134397,2.322869776,4.537357932,2.213302553,1.18025568,-2.185912827,7.015901301,-0.079730256,1.171968274,2.272789149,2.347405652,2.001798698,-1.287164906,-1.074301532,1.667170465,0.376257427,4.43092016,0.382683732,5.697017542,2.680993294,1.812165532,1.550234422,-0.435023957,0.570374855,0.187215108,1.30027543,3.449756595,1.393277435,0.174328465,3.076567169,-1.007668671,2.320460512,2.766518726,4.75909758,-0.398561419,2.368278713,0.730733946,3.374544805,1.192700144,5.186739903,2.825538994,-1.850290504
8/1/23,703.4191263,4.650503247,66.40597178,11.35824405,2.482413791,25018.67844,5342.706674,2386.360721,1317.512654,991.717201,264.6284977,242.6204436,925.9282648,4.792839115,-1.64753102,4.661598992,-2.981871222,2.897046752,0.593900661,1.467394966,4.443536427,0.479118562,1.575698936,4.808545012,2.272789149,2.347405652,4.214114566,-1.287164906,-1.074301532,4.658134397,0.376257427,4.43092016,2.322869776,5.697017542,2.680993294,4.537357932,1.550234422,-0.435023957,2.213302553,0.187215108,1.30027543,1.18025568,1.393277435,0.174328465,-2.185912827,-1.007668671,2.320460512,7.015901301,4.75909758,-0.398561419,-0.079730256,0.730733946,3.374544805,1.171968274,5.186739903,2.825538994
9/1/23,708.7958189,0.764365418,57.23049538,11.72307277,2.425803195,25959.75809,5392.49011,2482.012193,1371.695386,1031.175571,253.9614481,234.7800619,943.7702132,3.212016907,-2.280465734,3.761508231,0.931801782,4.00825705,4.112501852,3.978792583,-4.030952704,-3.231542061,1.926925556,4.650503247,4.808545012,2.272789149,4.792839115,4.214114566,-1.287164906,-1.64753102,4.658134397,0.376257427,4.661598992,2.322869776,5.697017542,-2.981871222,4.537357932,1.550234422,2.897046752,2.213302553,0.187215108,0.593900661,1.18025568,1.393277435,1.467394966,-2.185912827,-1.007668671,4.443536427,7.015901301,4.75909758,0.479118562,-0.079730256,0.730733946,1.575698936,1.171968274,5.186739903
10/1/23,754.9617098,6.513284889,64.57620587,12.5072373,2.698053994,26549.75076,5516.064047,2399.340277,1349.856754,1061.824667,269.195906,231.2019242,969.5354939,6.689069872,11.2231198,2.272720209,2.291593209,-3.33084246,-1.592090507,2.97224807,5.998728556,-1.524038151,2.730037503,0.764365418,4.650503247,4.808545012,3.212016907,4.792839115,4.214114566,-2.280465734,-1.64753102,4.658134397,3.761508231,4.661598992,2.322869776,0.931801782,-2.981871222,4.537357932,4.00825705,2.897046752,2.213302553,4.112501852,0.593900661,1.18025568,3.978792583,1.467394966,-2.185912827,-4.030952704,4.443536427,7.015901301,-3.231542061,0.479118562,-0.079730256,1.926925556,1.575698936,1.171968274
11/1/23,817.524563,8.286890896,67.38851345,13.90809024,2.704783676,26399.53121,5503.210574,2344.372635,1411.937995,1069.407425,273.5887314,226.1037215,1001.824126,11.20033874,0.249427236,-0.565804006,-0.233018925,-2.29094817,4.599098396,0.714125152,1.631832161,-2.205086616,3.330319751,6.513284889,0.764365418,4.650503247,6.689069872,3.212016907,4.792839115,11.2231198,-2.280465734,-1.64753102,2.272720209,3.761508231,4.661598992,2.291593209,0.931801782,-2.981871222,-3.33084246,4.00825705,2.897046752,-1.592090507,4.112501852,0.593900661,2.97224807,3.978792583,1.467394966,5.998728556,-4.030952704,4.443536427,-1.524038151,-3.231542061,0.479118562,2.730037503,1.926925556,1.575698936
12/1/23,852.9613421,4.334643955,69.08841548,14.05216072,2.769554664,26784.37443,5659.213241,2470.406245,1476.780646,1069.745609,282.8216475,235.2288284,1048.265104,1.035875336,2.394682775,1.457765365,2.834757356,5.376005853,4.592457459,0.031623537,3.374742838,4.03580568,4.635641767,8.286890896,6.513284889,0.764365418,11.20033874,6.689069872,3.212016907,0.249427236,11.2231198,-2.280465734,-0.565804006,2.272720209,3.761508231,-0.233018925,2.291593209,0.931801782,-2.29094817,-3.33084246,4.00825705,4.599098396,-1.592090507,4.112501852,0.714125152,2.97224807,3.978792583,1.631832161,5.998728556,-4.030952704,-2.205086616,-1.524038151,-3.231542061,3.330319751,2.730037503,1.926925556
1/1/24,857.3330079,0.512528012,64.68706732,13.17577306,2.86398842,27191.56632,5830.606747,2579.513518,1453.21319,1093.730734,293.1901711,235.0093005,1067.22848,-6.236675503,3.409709022,1.520259094,3.028574802,4.416572118,-1.595867077,2.242133514,3.666099708,-0.093325228,1.809024819,4.334643955,8.286890896,6.513284889,1.035875336,11.20033874,6.689069872,2.394682775,0.249427236,11.2231198,1.457765365,-0.565804006,2.272720209,2.834757356,-0.233018925,2.291593209,5.376005853,-2.29094817,-3.33084246,4.592457459,4.599098396,-1.592090507,0.031623537,0.714125152,2.97224807,3.374742838,1.631832161,5.998728556,4.03580568,-2.205086616,-1.524038151,4.635641767,3.330319751,2.730037503
2/1/24,901.3964259,5.139591919,61.67967924,14.10110155,2.865381983,27896.99953,5942.403361,2654.015605,1510.157,1115.7662,297.617172,242.9376909,1092.762519,7.022954098,0.048658123,2.594308866,1.917409602,2.888222372,3.918475994,2.014706694,1.50994178,3.373649632,2.392556091,0.512528012,4.334643955,8.286890896,-6.236675503,1.035875336,11.20033874,3.409709022,2.394682775,0.249427236,1.520259094,1.457765365,-0.565804006,3.028574802,2.834757356,-0.233018925,4.416572118,5.376005853,-2.29094817,-1.595867077,4.592457459,4.599098396,2.242133514,0.031623537,0.714125152,3.666099708,3.374742838,1.631832161,-0.093325228,4.03580568,-2.205086616,1.809024819,4.635641767,3.330319751
3/1/24,947.2061351,5.082082411,57.69325268,14.12411412,2.952792928,29319.85736,5694.917385,2749.240252,1650.460854,1148.786447,302.3022924,255.5491367,1168.993586,0.16319695,3.050586133,5.100397355,-4.164745484,3.587946018,9.290679957,2.959423493,1.574210407,5.191226504,6.975995754,5.139591919,0.512528012,4.334643955,7.022954098,-6.236675503,1.035875336,0.048658123,3.409709022,2.394682775,2.594308866,1.520259094,1.457765365,1.917409602,3.028574802,2.834757356,2.888222372,4.416572118,5.376005853,3.918475994,-1.595867077,4.592457459,2.014706694,2.242133514,0.031623537,1.50994178,3.666099708,3.374742838,3.373649632,-0.093325228,4.03580568,2.392556091,1.809024819,4.635641767
4/1/24,969.6912119,2.373831413,58.26840968,14.15913705,3.029769097,31397.50876,6174.921775,2861.764932,1655.880201,1159.22207,316.9865393,257.9016275,1202.452496,0.247965534,2.606893582,7.086157948,8.428645365,4.092937294,0.328353554,0.908404099,4.857471208,0.920562977,2.862197856,5.082082411,5.139591919,0.512528012,0.16319695,7.022954098,-6.236675503,3.050586133,0.048658123,3.409709022,5.100397355,2.594308866,1.520259094,-4.164745484,1.917409602,3.028574802,3.587946018,2.888222372,4.416572118,9.290679957,3.918475994,-1.595867077,2.959423493,2.014706694,2.242133514,1.574210407,1.50994178,3.666099708,5.191226504,3.373649632,-0.093325228,6.975995754,2.392556091,1.809024819
5/1/24,1021.587097,5.351794897,62.9143497,15.16475939,3.055639038,33154.25028,6266.727539,2722.903312,1730.969611,1199.779867,329.4593439,263.3425711,1231.040879,7.102285479,0.853858477,5.595162118,1.486751856,-4.852306996,4.534712724,3.498708106,3.934805767,2.109697266,2.377506219,2.373831413,5.082082411,5.139591919,0.247965534,0.16319695,7.022954098,2.606893582,3.050586133,0.048658123,7.086157948,5.100397355,2.594308866,8.428645365,-4.164745484,1.917409602,4.092937294,3.587946018,2.888222372,0.328353554,9.290679957,3.918475994,0.908404099,2.959423493,2.014706694,4.857471208,1.574210407,1.50994178,0.920562977,5.191226504,3.373649632,2.862197856,6.975995754,2.392556091
6/1/24,1078.790741,5.599487712,68.21357873,15.4469616,3.107458982,33894.81613,6494.083362,2847.495001,1724.969974,1200.240306,345.1771466,255.5011015,1222.614573,1.860907972,1.695879101,2.233698071,3.627983204,4.575692742,-0.346605537,0.038376945,4.770786738,-2.977668798,-0.684486251,5.351794897,2.373831413,5.082082411,7.102285479,0.247965534,0.16319695,0.853858477,2.606893582,3.050586133,5.595162118,7.086157948,5.100397355,1.486751856,8.428645365,-4.164745484,-4.852306996,4.092937294,3.587946018,4.534712724,0.328353554,9.290679957,3.498708106,0.908404099,2.959423493,3.934805767,4.857471208,1.574210407,2.109697266,0.920562977,5.191226504,2.377506219,2.862197856,6.975995754
7/1/24,1125.086349,4.291435506,67.38363838,15.15611527,3.150894988,33551.44307,6668.411589,2864.224917,1816.947689,1212.709729,376.0662903,253.8488412,1247.136702,-1.882870849,1.397798239,-1.013054791,2.684416228,0.587531009,5.332134255,1.0389106,8.948780086,-0.646674444,2.005712095,5.599487712,5.351794897,2.373831413,1.860907972,7.102285479,0.247965534,1.695879101,0.853858477,2.606893582,2.233698071,5.595162118,7.086157948,3.627983204,1.486751856,8.428645365,4.575692742,-4.852306996,4.092937294,-0.346605537,4.534712724,0.328353554,0.038376945,3.498708106,0.908404099,4.770786738,3.934805767,4.857471208,-2.977668798,2.109697266,0.920562977,-0.684486251,2.377506219,2.862197856
8/1/24,1188.202266,5.609873092,68.91810607,15.72071298,3.399354266,34129.34663,6972.603393,2932.294427,1866.904197,1251.293654,390.3314158,257.7594768,1266.558956,3.725213919,7.885355697,1.722440272,4.561683087,2.376542077,2.74947416,3.181629047,3.793247591,1.540537123,1.557347694,4.291435506,5.599487712,5.351794897,-1.882870849,1.860907972,7.102285479,1.397798239,1.695879101,0.853858477,-1.013054791,2.233698071,5.595162118,2.684416228,3.627983204,1.486751856,0.587531009,4.575692742,-4.852306996,5.332134255,-0.346605537,4.534712724,1.0389106,0.038376945,3.498708106,8.948780086,4.770786738,3.934805767,-0.646674444,-2.977668798,2.109697266,2.005712095,-0.684486251,2.377506219
9/1/24,1239.045248,4.278983752,74.80989797,16.10499552,3.374742659,35043.47198,7254.585837,2963.438488,1996.761314,1297.34055,399.7858027,263.2954216,1291.610331,2.44443455,-0.724008289,2.678414446,4.044148616,1.062105498,6.955746175,3.679943217,2.422143472,2.147717258,1.97790834,5.609873092,4.291435506,5.599487712,3.725213919,-1.882870849,1.860907972,7.885355697,1.397798239,1.695879101,1.722440272,-1.013054791,2.233698071,4.561683087,2.684416228,3.627983204,2.376542077,0.587531009,4.575692742,2.74947416,5.332134255,-0.346605537,3.181629047,1.0389106,0.038376945,3.793247591,8.948780086,4.770786738,1.540537123,-0.646674444,-2.977668798,1.557347694,2.005712095,-0.684486251
10/1/24,1246.596496,0.609440841,65.12049278,16.59185867,3.314402638,36511.80257,7361.628489,3081.380743,1949.300051,1269.097325,380.4685552,261.9829063,1302.578231,3.023056744,-1.787988801,4.190026008,1.475517072,3.979912385,-2.376912186,-2.177009403,-4.831899332,-0.498495293,0.849164717,4.278983752,5.609873092,4.291435506,2.44443455,3.725213919,-1.882870849,-0.724008289,7.885355697,1.397798239,2.678414446,1.722440272,-1.013054791,4.044148616,4.561683087,2.684416228,1.062105498,2.376542077,0.587531009,6.955746175,2.74947416,5.332134255,3.679943217,3.181629047,1.0389106,2.422143472,3.793247591,8.948780086,2.147717258,1.540537123,-0.646674444,1.97790834,1.557347694,2.005712095
11/1/24,1304.836208,4.671897688,59.60819618,17.34531515,3.367876057,38127.47026,7578.459325,3110.001189,1985.286203,1293.39268,418.0403653,283.2353461,1310.737173,4.541121605,1.613365198,4.425055937,2.945419431,0.928818878,1.846106342,1.914380814,9.87514201,8.112147498,0.626368695,0.609440841,4.278983752,5.609873092,3.023056744,2.44443455,3.725213919,-1.787988801,-0.724008289,7.885355697,4.190026008,2.678414446,1.722440272,1.475517072,4.044148616,4.561683087,3.979912385,1.062105498,2.376542077,-2.376912186,6.955746175,2.74947416,-2.177009403,3.679943217,3.181629047,-4.831899332,2.422143472,3.793247591,-0.498495293,2.147717258,1.540537123,0.849164717,1.97790834,1.557347694
12/1/24,1331.655817,2.055400397,56.12147366,17.60850601,3.449764018,39602.47677,7550.909952,3206.294894,1993.609008,1331.128162,419.5117401,283.9548337,1318.05702,1.517359873,2.431442248,3.868618859,-0.363522078,3.096259415,0.419224472,2.917558023,0.351969535,0.254024652,0.558452736,4.671897688,0.609440841,4.278983752,4.541121605,3.023056744,2.44443455,1.613365198,-1.787988801,-0.724008289,4.425055937,4.190026008,2.678414446,2.945419431,1.475517072,4.044148616,0.928818878,3.979912385,1.062105498,1.846106342,-2.376912186,6.955746175,1.914380814,-2.177009403,3.679943217,9.87514201,-4.831899332,2.422143472,8.112147498,-0.498495293,2.147717258,0.626368695,0.849164717,1.97790834
1/1/25,1383.677327,3.906528169,61.39321756,18.59062152,3.546687568,39487.41229,7863.691864,3232.69192,2021.683118,1315.132679,456.9498242,288.3862581,1338.763577,5.577506194,2.809570437,-0.2905487,4.142307527,0.823287553,1.408205393,-1.201648627,8.924204145,1.560608892,1.570990969,2.055400397,4.671897688,0.609440841,1.517359873,4.541121605,3.023056744,2.431442248,1.613365198,-1.787988801,3.868618859,4.425055937,4.190026008,-0.363522078,2.945419431,1.475517072,3.096259415,0.928818878,3.979912385,0.419224472,1.846106342,-2.376912186,2.917558023,1.914380814,-2.177009403,0.351969535,9.87514201,-4.831899332,0.254024652,8.112147498,-0.498495293,0.558452736,0.626368695,0.849164717
2/1/25,1448.553933,4.688709252,60.70109575,18.98438088,3.551117523,41145.6017,7930.329115,3202.564265,2023.932519,1350.131663,470.3107204,297.1084418,1402.170972,2.118053753,0.124904002,4.199286091,0.847404153,-0.931968023,0.111263772,2.6612512,2.923930704,3.024479668,4.736265296,3.906528169,2.055400397,4.671897688,5.577506194,1.517359873,4.541121605,2.809570437,2.431442248,1.613365198,-0.2905487,3.868618859,4.425055937,4.142307527,-0.363522078,2.945419431,0.823287553,3.096259415,0.928818878,1.408205393,0.419224472,1.846106342,-1.201648627,2.917558023,1.914380814,8.924204145,0.351969535,9.87514201,1.560608892,0.254024652,8.112147498,1.570990969,0.558452736,0.626368695
3/1/25,1489.191215,2.805368908,57.219338,19.80585931,3.491104404,41806.76443,8568.0809,3357.088833,2013.781875,1350.721015,500.4825198,301.0747011,1459.634368,4.327127856,-1.689978402,1.606885567,8.041933384,4.825026276,-0.501530742,0.043651459,6.415290597,1.334953413,4.098173253,4.688709252,3.906528169,2.055400397,2.118053753,5.577506194,1.517359873,0.124904002,2.809570437,2.431442248,4.199286091,-0.2905487,3.868618859,0.847404153,4.142307527,-0.363522078,-0.931968023,0.823287553,3.096259415,0.111263772,1.408205393,0.419224472,2.6612512,-1.201648627,2.917558023,2.923930704,8.924204145,0.351969535,3.024479668,1.560608892,0.254024652,4.736265296,1.570990969,0.558452736
4/1/25,1571.681915,5.539295357,62.08065988,21.26898865,3.67576831,42998.09225,8385.784505,3479.698111,2089.020131,1401.244816,507.8439622,300.4457004,1478.318414,7.387356053,5.289555528,2.8496054,-2.127622239,3.652250028,3.736167124,3.740506024,1.470869036,-0.208918468,1.280049764,2.805368908,4.688709252,3.906528169,4.327127856,2.118053753,5.577506194,-1.689978402,0.124904002,2.809570437,1.606885567,4.199286091,-0.2905487,8.041933384,0.847404153,4.142307527,4.825026276,-0.931968023,0.823287553,-0.501530742,0.111263772,1.408205393,0.043651459,2.6612512,-1.201648627,6.415290597,2.923930704,8.924204145,1.334953413,3.024479668,1.560608892,4.098173253,4.736265296,1.570990969
5/1/25,1645.730467,4.711421015,61.09546336,22.27729312,3.69234782,44137.15572,8456.227769,3692.330478,2062.641194,1440.156881,524.7775736,312.50338,1458.038355,4.740725963,0.451048836,2.649102354,0.840031893,6.110655598,-1.262742142,2.776964064,3.334412264,4.01326416,-1.371832909,5.539295357,2.805368908,4.688709252,7.387356053,4.327127856,2.118053753,5.289555528,-1.689978402,0.124904002,2.8496054,1.606885567,4.199286091,-2.127622239,8.041933384,0.847404153,3.652250028,4.825026276,-0.931968023,3.736167124,-0.501530742,0.111263772,3.740506024,0.043651459,2.6612512,1.470869036,6.415290597,2.923930704,-0.208918468,1.334953413,3.024479668,1.280049764,4.098173253,4.736265296
6/1/25,1692.381278,2.834656826,56.87762365,22.65517698,3.651859802,45618.54588,8799.842328,3764.806673,2195.724718,1486.790667,537.5919804,329.5000117,1462.570422,1.696273658,-1.096538588,3.35633353,4.063449657,1.962884831,6.452092795,3.23810459,2.441873939,5.438863308,0.310833143,4.711421015,5.539295357,2.805368908,4.740725963,7.387356053,4.327127856,0.451048836,5.289555528,-1.689978402,2.649102354,2.8496054,1.606885567,0.840031893,-2.127622239,8.041933384,6.110655598,3.652250028,4.825026276,-1.262742142,3.736167124,-0.501530742,2.776964064,3.740506024,0.043651459,3.334412264,1.470869036,6.415290597,4.01326416,-0.208918468,1.334953413,-1.371832909,1.280049764,4.098173253
7/1/25,1802.435854,6.502942198,60.20422389,24.37588988,3.680751903,46781.52226,9088.066324,3938.458639,2161.501718,1515.655796,544.2669262,333.8684078,1478.43169,7.595230474,0.791161293,2.549349966,3.275331367,4.612506865,-1.558619756,1.941438659,1.241637902,1.325765072,1.084478934,2.834656826,4.711421015,5.539295357,1.696273658,4.740725963,7.387356053,-1.096538588,0.451048836,5.289555528,3.35633353,2.649102354,2.8496054,4.063449657,0.840031893,-2.127622239,1.962884831,6.110655598,3.652250028,6.452092795,-1.262742142,3.736167124,3.23810459,2.776964064,3.740506024,2.441873939,3.334412264,1.470869036,5.438863308,4.01326416,-0.208918468,0.310833143,-1.371832909,1.280049764
8/1/25,1866.353505,3.546181726,57.07372042,26.0758682,3.714190515,46390.91985,9135.896581,4203.853551,2211.286236,1567.60182,552.0979395,343.2356481,1511.064758,6.974015424,0.908472317,-0.834950195,0.526297404,6.738547635,2.303237454,3.427296868,1.438818526,2.805668364,2.207276008,6.502942198,2.834656826,4.711421015,7.595230474,1.696273658,4.740725963,0.791161293,-1.096538588,0.451048836,2.549349966,3.35633353,2.649102354,3.275331367,4.063449657,0.840031893,4.612506865,1.962884831,6.110655598,-1.558619756,6.452092795,-1.262742142,1.941438659,3.23810459,2.776964064,1.241637902,2.441873939,3.334412264,1.325765072,5.438863308,4.01326416,1.084478934,0.310833143,-1.371832909
9/1/25,1978.036104,5.984000266,59.64195879,27.43014132,3.893577035,48234.02735,9090.952368,4249.940175,2290.869716,1637.532993,578.8112149,347.2050611,1521.261203,5.193587838,4.829760869,3.97299193,-0.491951856,1.096294712,3.59896786,4.461029057,4.838503008,1.156468754,0.674785449,3.546181726,6.502942198,2.834656826,6.974015424,7.595230474,1.696273658,0.908472317,0.791161293,-1.096538588,-0.834950195,2.549349966,3.35633353,0.526297404,3.275331367,4.063449657,6.738547635,4.612506865,1.962884831,2.303237454,-1.558619756,6.452092795,3.427296868,1.941438659,3.23810459,1.438818526,1.241637902,2.441873939,2.805668364,1.325765072,5.438863308,2.207276008,1.084478934,0.310833143
10/1/25,2071.708092,4.735605592,66.18914778,28.51498337,3.961878626,49812.27036,9305.606959,4185.877521,2377.011137,1729.766973,585.7316298,360.8888918,1612.740137,3.95492694,1.754211877,3.272053137,2.361189262,-1.507377782,3.760206017,5.632496031,1.195625559,3.941138044,6.013361382,5.984000266,3.546181726,6.502942198,5.193587838,6.974015424,7.595230474,4.829760869,0.908472317,0.791161293,3.97299193,-0.834950195,2.549349966,-0.491951856,0.526297404,3.275331367,1.096294712,6.738547635,4.612506865,3.59896786,2.303237454,-1.558619756,4.461029057,3.427296868,1.941438659,4.838503008,1.438818526,1.241637902,1.156468754,2.805668364,1.325765072,0.674785449,2.207276008,1.084478934
11/1/25,2110.053719,1.85091842,61.71023653,28.65424362,4.110930892,50792.92291,9488.390619,4236.175908,2403.033705,1758.190675,560.4687464,355.5101371,1636.213004,0.488375696,3.762161356,1.968696749,1.964231467,1.201621082,1.094760008,1.643209891,-4.313047483,-1.490418486,1.455464931,4.735605592,5.984000266,3.546181726,3.95492694,5.193587838,6.974015424,1.754211877,4.829760869,0.908472317,3.272053137,3.97299193,-0.834950195,2.361189262,-0.491951856,0.526297404,-1.507377782,1.096294712,6.738547635,3.760206017,3.59896786,2.303237454,5.632496031,4.461029057,3.427296868,1.195625559,4.838503008,1.438818526,3.941138044,1.156468754,2.805668364,6.013361382,0.674785449,2.207276008
12/1/25,2206.550296,4.573181053,65.6997452,31.0734096,4.111018206,52182.76408,9253.486239,4289.759165,2456.825758,1708.994704,567.2634898,381.1145124,1629.211829,8.442609794,0.002123948,2.736289022,-2.475703093,1.2648969,2.238505986,-2.798102181,1.212332254,7.20215056,-0.42788894,1.85091842,4.735605592,5.984000266,0.488375696,3.95492694,5.193587838,3.762161356,1.754211877,4.829760869,1.968696749,3.272053137,3.97299193,1.964231467,2.361189262,-0.491951856,1.201621082,-1.507377782,1.096294712,1.094760008,3.760206017,3.59896786,1.643209891,5.632496031,4.461029057,-4.313047483,1.195625559,4.838503008,-1.490418486,3.941138044,1.156468754,1.455464931,6.013361382,0.674785449